{"output": 9.3, "_timestamp": 1719938391.024579, "_runtime": 3.772287130355835, "_step": 0, "_wandb": {"runtime": 3}}