{"output": 7.51, "_timestamp": 1719938147.217014, "_runtime": 3.58990216255188, "_step": 0, "_wandb": {"runtime": 3}}