{"output": 5.25, "_timestamp": 1719938173.686931, "_runtime": 3.6005189418792725, "_step": 0, "_wandb": {"runtime": 3}}