{"output": 5.31, "_timestamp": 1719938136.273964, "_runtime": 3.916998863220215, "_step": 0, "_wandb": {"runtime": 3}}